TITULARIDAD,CONCIERTO,TIPO,CÓDIGO,CENTRO,DOMICILIO,MUNICIPIO,LOCALIDAD,C_POSTAL,CORREO_E,N_FAX,N_TELEFONO
Pública,N,CP,33000649,"C.P. ""Felechosa""",Carretera General,Aller,Felechosa,33688,felechos@educastur.org,985487431,985487431
Pública,N,CP,33000704,"C.P. ""San Pedro""",Carretera General - Piñeres,Aller,Escuyu (L'),33685,spedroel@educastur.org,985498179,985498179
Pública,N,CP,33000522,"C.P. ""Santa Bárbara""","Carretera General, 35",Aller,Oyanco (L'),33679,stabaroy@educastur.org,985482204,985482204
Pública,N,CP,33029287,C.P. de Bello,Beyo,Aller,Beyo,33686,altoalle@educastur.org,,985959109
Pública,N,CPEB,33027357,C.P.E.B. de Cabañaquinta,"Jardines Municipales, s/n",Aller,Cabañaquinta,33686,cabanaqu@educastur.org,985495706,985494174
Pública,N,CRA,33027990,"C.R.A. ""Maestro Don José Antonio Robles""","C/ La Torre, 2",Aller,Caborana,33684,maestrojrobles@educastur.org,985480663,985480663
Pública,N,CP,33000467,Colegio Público de Moreda,"La Estación, s/n",Aller,Moreda,33670,cpmoreda@educastur.org,985458492,985480118
Mixta,N,EEI,33028295,Escuela Infantil Ayalgas,"Avenida de Aller, s/n",Aller,Caborana,33684,ayalgas@educastur.org,985483280,985483280
Pública,N,IES,33023649,"I.E.S. ""Valle de Aller""","Sotiello, s/n",Aller,Moreda,33670,moreda@educastur.org,985483463,985480469
