Totales Territoriales;Provincias;Municipios;Grupos CNAE;Periodo;Total
Total Nacional;;;Total;2025;3.310.824
Total Nacional;;;Total;2024;3.255.276
Total Nacional;;;Total;2023;3.207.580
Total Nacional;;;Total;2022;3.430.663
Total Nacional;;;Total;2021;3.366.570
Total Nacional;;;Total;2020;3.404.428
Total Nacional;;;Total;2019;3.363.197
Total Nacional;;;Total;2018;3.337.646
Total Nacional;;;Total;2017;3.282.346
Total Nacional;;;Total;2016;3.236.582
Total Nacional;;;Total;2015;3.186.878
Total Nacional;;;Total;2014;3.119.310
Total Nacional;;;Total;2013;3.146.570
Total Nacional;;;Total;2012;3.199.617
Total Nacional;;;Industria;2025;172.765
Total Nacional;;;Industria;2024;175.806
Total Nacional;;;Industria;2023;177.865
Total Nacional;;;Industria;2022;192.211
Total Nacional;;;Industria;2021;192.555
Total Nacional;;;Industria;2020;195.615
Total Nacional;;;Industria;2019;199.076
Total Nacional;;;Industria;2018;206.711
Total Nacional;;;Industria;2017;198.805
Total Nacional;;;Industria;2016;195.619
Total Nacional;;;Industria;2015;198.004
Total Nacional;;;Industria;2014;200.835
Total Nacional;;;Industria;2013;206.585
Total Nacional;;;Industria;2012;214.992
Total Nacional;;;F Construcción;2025;389.146
Total Nacional;;;F Construcción;2024;383.622
Total Nacional;;;F Construcción;2023;376.996
Total Nacional;;;F Construcción;2022;425.251
Total Nacional;;;F Construcción;2021;417.017
Total Nacional;;;F Construcción;2020;420.118
Total Nacional;;;F Construcción;2019;422.350
Total Nacional;;;F Construcción;2018;412.523
Total Nacional;;;F Construcción;2017;402.923
Total Nacional;;;F Construcción;2016;406.682
Total Nacional;;;F Construcción;2015;405.849
Total Nacional;;;F Construcción;2014;408.089
Total Nacional;;;F Construcción;2013;425.593
Total Nacional;;;F Construcción;2012;462.402
Total Nacional;;;Comercio, transporte y hostelería;2025;1.104.434
Total Nacional;;;Comercio, transporte y hostelería;2024;1.104.814
Total Nacional;;;Comercio, transporte y hostelería;2023;1.105.590
Total Nacional;;;Comercio, transporte y hostelería;2022;1.202.570
Total Nacional;;;Comercio, transporte y hostelería;2021;1.197.892
Total Nacional;;;Comercio, transporte y hostelería;2020;1.214.123
Total Nacional;;;Comercio, transporte y hostelería;2019;1.215.680
Total Nacional;;;Comercio, transporte y hostelería;2018;1.228.650
Total Nacional;;;Comercio, transporte y hostelería;2017;1.227.579
Total Nacional;;;Comercio, transporte y hostelería;2016;1.226.987
Total Nacional;;;Comercio, transporte y hostelería;2015;1.234.543
Total Nacional;;;Comercio, transporte y hostelería;2014;1.231.985
Total Nacional;;;Comercio, transporte y hostelería;2013;1.254.014
Total Nacional;;;Comercio, transporte y hostelería;2012;1.271.813
Total Nacional;;;J Información y comunicaciones;2025;77.747
Total Nacional;;;J Información y comunicaciones;2024;71.979
Total Nacional;;;J Información y comunicaciones;2023;69.573
Total Nacional;;;J Información y comunicaciones;2022;73.919
Total Nacional;;;J Información y comunicaciones;2021;69.881
Total Nacional;;;J Información y comunicaciones;2020;69.369
Total Nacional;;;J Información y comunicaciones;2019;68.158
Total Nacional;;;J Información y comunicaciones;2018;67.248
Total Nacional;;;J Información y comunicaciones;2017;63.526
Total Nacional;;;J Información y comunicaciones;2016;61.212
Total Nacional;;;J Información y comunicaciones;2015;58.858
Total Nacional;;;J Información y comunicaciones;2014;56.100
Total Nacional;;;J Información y comunicaciones;2013;55.173
Total Nacional;;;J Información y comunicaciones;2012;54.462
Total Nacional;;;K Actividades financieras y de seguros;2025;79.365
Total Nacional;;;K Actividades financieras y de seguros;2024;76.243
Total Nacional;;;K Actividades financieras y de seguros;2023;75.673
Total Nacional;;;K Actividades financieras y de seguros;2022;81.710
Total Nacional;;;K Actividades financieras y de seguros;2021;78.227
Total Nacional;;;K Actividades financieras y de seguros;2020;78.851
Total Nacional;;;K Actividades financieras y de seguros;2019;77.396
Total Nacional;;;K Actividades financieras y de seguros;2018;78.593
Total Nacional;;;K Actividades financieras y de seguros;2017;77.340
Total Nacional;;;K Actividades financieras y de seguros;2016;75.487
Total Nacional;;;K Actividades financieras y de seguros;2015;71.672
Total Nacional;;;K Actividades financieras y de seguros;2014;69.674
Total Nacional;;;K Actividades financieras y de seguros;2013;72.355
Total Nacional;;;K Actividades financieras y de seguros;2012;70.489
Total Nacional;;;L Actividades inmobiliarias;2025;215.591
Total Nacional;;;L Actividades inmobiliarias;2024;206.219
Total Nacional;;;L Actividades inmobiliarias;2023;195.428
Total Nacional;;;L Actividades inmobiliarias;2022;198.139
Total Nacional;;;L Actividades inmobiliarias;2021;188.456
Total Nacional;;;L Actividades inmobiliarias;2020;186.023
Total Nacional;;;L Actividades inmobiliarias;2019;179.484
Total Nacional;;;L Actividades inmobiliarias;2018;176.950
Total Nacional;;;L Actividades inmobiliarias;2017;168.540
Total Nacional;;;L Actividades inmobiliarias;2016;159.212
Total Nacional;;;L Actividades inmobiliarias;2015;148.826
Total Nacional;;;L Actividades inmobiliarias;2014;137.245
Total Nacional;;;L Actividades inmobiliarias;2013;129.002
Total Nacional;;;L Actividades inmobiliarias;2012;128.386
Total Nacional;;;MN Actividades profesionales y técnicas;2025;621.820
Total Nacional;;;MN Actividades profesionales y técnicas;2024;608.960
Total Nacional;;;MN Actividades profesionales y técnicas;2023;599.322
Total Nacional;;;MN Actividades profesionales y técnicas;2022;634.707
Total Nacional;;;MN Actividades profesionales y técnicas;2021;622.964
Total Nacional;;;MN Actividades profesionales y técnicas;2020;633.069
Total Nacional;;;MN Actividades profesionales y técnicas;2019;622.015
Total Nacional;;;MN Actividades profesionales y técnicas;2018;604.252
Total Nacional;;;MN Actividades profesionales y técnicas;2017;594.590
Total Nacional;;;MN Actividades profesionales y técnicas;2016;583.208
Total Nacional;;;MN Actividades profesionales y técnicas;2015;564.382
Total Nacional;;;MN Actividades profesionales y técnicas;2014;540.592
Total Nacional;;;MN Actividades profesionales y técnicas;2013;545.047
Total Nacional;;;MN Actividades profesionales y técnicas;2012;540.064
Total Nacional;;;Educación, sanidad y servicios sociales;2025;294.392
Total Nacional;;;Educación, sanidad y servicios sociales;2024;284.876
Total Nacional;;;Educación, sanidad y servicios sociales;2023;277.554
Total Nacional;;;Educación, sanidad y servicios sociales;2022;289.734
Total Nacional;;;Educación, sanidad y servicios sociales;2021;278.805
Total Nacional;;;Educación, sanidad y servicios sociales;2020;284.502
Total Nacional;;;Educación, sanidad y servicios sociales;2019;272.124
Total Nacional;;;Educación, sanidad y servicios sociales;2018;270.235
Total Nacional;;;Educación, sanidad y servicios sociales;2017;262.399
Total Nacional;;;Educación, sanidad y servicios sociales;2016;252.362
Total Nacional;;;Educación, sanidad y servicios sociales;2015;241.381
Total Nacional;;;Educación, sanidad y servicios sociales;2014;227.053
Total Nacional;;;Educación, sanidad y servicios sociales;2013;223.880
Total Nacional;;;Educación, sanidad y servicios sociales;2012;221.559
Total Nacional;;;Otros servicios personales;2025;355.564
Total Nacional;;;Otros servicios personales;2024;342.757
Total Nacional;;;Otros servicios personales;2023;329.579
Total Nacional;;;Otros servicios personales;2022;332.422
Total Nacional;;;Otros servicios personales;2021;320.773
Total Nacional;;;Otros servicios personales;2020;322.758
Total Nacional;;;Otros servicios personales;2019;306.914
Total Nacional;;;Otros servicios personales;2018;292.484
Total Nacional;;;Otros servicios personales;2017;286.644
Total Nacional;;;Otros servicios personales;2016;275.813
Total Nacional;;;Otros servicios personales;2015;263.363
Total Nacional;;;Otros servicios personales;2014;247.737
Total Nacional;;;Otros servicios personales;2013;234.921
Total Nacional;;;Otros servicios personales;2012;235.450
Total Nacional;;;Total servicios;2025;1.644.479
Total Nacional;;;Total servicios;2024;1.591.034
Total Nacional;;;Total servicios;2023;1.547.129
Total Nacional;;;Total servicios;2022;1.610.631
Total Nacional;;;Total servicios;2021;1.559.106
Total Nacional;;;Total servicios;2020;1.574.572
Total Nacional;;;Total servicios;2019;1.526.091
Total Nacional;;;Total servicios;2018;1.489.762
Total Nacional;;;Total servicios;2017;1.453.039
Total Nacional;;;Total servicios;2016;1.407.294
Total Nacional;;;Total servicios;2015;1.348.482
Total Nacional;;;Total servicios;2014;1.278.401
Total Nacional;;;Total servicios;2013;1.260.378
Total Nacional;;;Total servicios;2012;1.250.410
Total Nacional;33 Asturias;33002 Aller;Total;2025;446
Total Nacional;33 Asturias;33002 Aller;Total;2024;424
Total Nacional;33 Asturias;33002 Aller;Total;2023;428
Total Nacional;33 Asturias;33002 Aller;Total;2022;463
Total Nacional;33 Asturias;33002 Aller;Total;2021;464
Total Nacional;33 Asturias;33002 Aller;Total;2020;463
Total Nacional;33 Asturias;33002 Aller;Total;2019;463
Total Nacional;33 Asturias;33002 Aller;Total;2018;481
Total Nacional;33 Asturias;33002 Aller;Total;2017;479
Total Nacional;33 Asturias;33002 Aller;Total;2016;501
Total Nacional;33 Asturias;33002 Aller;Total;2015;507
Total Nacional;33 Asturias;33002 Aller;Total;2014;512
Total Nacional;33 Asturias;33002 Aller;Total;2013;504
Total Nacional;33 Asturias;33002 Aller;Total;2012;515
Total Nacional;33 Asturias;33002 Aller;Industria;2025;19
Total Nacional;33 Asturias;33002 Aller;Industria;2024;20
Total Nacional;33 Asturias;33002 Aller;Industria;2023;20
Total Nacional;33 Asturias;33002 Aller;Industria;2022;22
Total Nacional;33 Asturias;33002 Aller;Industria;2021;25
Total Nacional;33 Asturias;33002 Aller;Industria;2020;26
Total Nacional;33 Asturias;33002 Aller;Industria;2019;25
Total Nacional;33 Asturias;33002 Aller;Industria;2018;26
Total Nacional;33 Asturias;33002 Aller;Industria;2017;28
Total Nacional;33 Asturias;33002 Aller;Industria;2016;25
Total Nacional;33 Asturias;33002 Aller;Industria;2015;25
Total Nacional;33 Asturias;33002 Aller;Industria;2014;19
Total Nacional;33 Asturias;33002 Aller;Industria;2013;19
Total Nacional;33 Asturias;33002 Aller;Industria;2012;20
Total Nacional;33 Asturias;33002 Aller;F Construcción;2025;76
Total Nacional;33 Asturias;33002 Aller;F Construcción;2024;70
Total Nacional;33 Asturias;33002 Aller;F Construcción;2023;67
Total Nacional;33 Asturias;33002 Aller;F Construcción;2022;68
Total Nacional;33 Asturias;33002 Aller;F Construcción;2021;74
Total Nacional;33 Asturias;33002 Aller;F Construcción;2020;69
Total Nacional;33 Asturias;33002 Aller;F Construcción;2019;71
Total Nacional;33 Asturias;33002 Aller;F Construcción;2018;74
Total Nacional;33 Asturias;33002 Aller;F Construcción;2017;71
Total Nacional;33 Asturias;33002 Aller;F Construcción;2016;74
Total Nacional;33 Asturias;33002 Aller;F Construcción;2015;77
Total Nacional;33 Asturias;33002 Aller;F Construcción;2014;78
Total Nacional;33 Asturias;33002 Aller;F Construcción;2013;82
Total Nacional;33 Asturias;33002 Aller;F Construcción;2012;89
Total Nacional;33 Asturias;33002 Aller;Comercio, transporte y hostelería;2025;212
Total Nacional;33 Asturias;33002 Aller;Comercio, transporte y hostelería;2024;206
Total Nacional;33 Asturias;33002 Aller;Comercio, transporte y hostelería;2023;207
Total Nacional;33 Asturias;33002 Aller;Comercio, transporte y hostelería;2022;223
Total Nacional;33 Asturias;33002 Aller;Comercio, transporte y hostelería;2021;217
Total Nacional;33 Asturias;33002 Aller;Comercio, transporte y hostelería;2020;221
Total Nacional;33 Asturias;33002 Aller;Comercio, transporte y hostelería;2019;225
Total Nacional;33 Asturias;33002 Aller;Comercio, transporte y hostelería;2018;247
Total Nacional;33 Asturias;33002 Aller;Comercio, transporte y hostelería;2017;246
Total Nacional;33 Asturias;33002 Aller;Comercio, transporte y hostelería;2016;261
Total Nacional;33 Asturias;33002 Aller;Comercio, transporte y hostelería;2015;269
Total Nacional;33 Asturias;33002 Aller;Comercio, transporte y hostelería;2014;294
Total Nacional;33 Asturias;33002 Aller;Comercio, transporte y hostelería;2013;283
Total Nacional;33 Asturias;33002 Aller;Comercio, transporte y hostelería;2012;287
Total Nacional;33 Asturias;33002 Aller;J Información y comunicaciones;2025;.
Total Nacional;33 Asturias;33002 Aller;J Información y comunicaciones;2024;.
Total Nacional;33 Asturias;33002 Aller;J Información y comunicaciones;2023;.
Total Nacional;33 Asturias;33002 Aller;J Información y comunicaciones;2022;5
Total Nacional;33 Asturias;33002 Aller;J Información y comunicaciones;2021;5
Total Nacional;33 Asturias;33002 Aller;J Información y comunicaciones;2020;5
Total Nacional;33 Asturias;33002 Aller;J Información y comunicaciones;2019;7
Total Nacional;33 Asturias;33002 Aller;J Información y comunicaciones;2018;.
Total Nacional;33 Asturias;33002 Aller;J Información y comunicaciones;2017;.
Total Nacional;33 Asturias;33002 Aller;J Información y comunicaciones;2016;.
Total Nacional;33 Asturias;33002 Aller;J Información y comunicaciones;2015;.
Total Nacional;33 Asturias;33002 Aller;J Información y comunicaciones;2014;.
Total Nacional;33 Asturias;33002 Aller;J Información y comunicaciones;2013;.
Total Nacional;33 Asturias;33002 Aller;J Información y comunicaciones;2012;.
Total Nacional;33 Asturias;33002 Aller;K Actividades financieras y de seguros;2025;.
Total Nacional;33 Asturias;33002 Aller;K Actividades financieras y de seguros;2024;.
Total Nacional;33 Asturias;33002 Aller;K Actividades financieras y de seguros;2023;.
Total Nacional;33 Asturias;33002 Aller;K Actividades financieras y de seguros;2022;6
Total Nacional;33 Asturias;33002 Aller;K Actividades financieras y de seguros;2021;7
Total Nacional;33 Asturias;33002 Aller;K Actividades financieras y de seguros;2020;8
Total Nacional;33 Asturias;33002 Aller;K Actividades financieras y de seguros;2019;8
Total Nacional;33 Asturias;33002 Aller;K Actividades financieras y de seguros;2018;.
Total Nacional;33 Asturias;33002 Aller;K Actividades financieras y de seguros;2017;.
Total Nacional;33 Asturias;33002 Aller;K Actividades financieras y de seguros;2016;.
Total Nacional;33 Asturias;33002 Aller;K Actividades financieras y de seguros;2015;10
Total Nacional;33 Asturias;33002 Aller;K Actividades financieras y de seguros;2014;10
Total Nacional;33 Asturias;33002 Aller;K Actividades financieras y de seguros;2013;11
Total Nacional;33 Asturias;33002 Aller;K Actividades financieras y de seguros;2012;11
Total Nacional;33 Asturias;33002 Aller;L Actividades inmobiliarias;2025;18
Total Nacional;33 Asturias;33002 Aller;L Actividades inmobiliarias;2024;15
Total Nacional;33 Asturias;33002 Aller;L Actividades inmobiliarias;2023;17
Total Nacional;33 Asturias;33002 Aller;L Actividades inmobiliarias;2022;19
Total Nacional;33 Asturias;33002 Aller;L Actividades inmobiliarias;2021;17
Total Nacional;33 Asturias;33002 Aller;L Actividades inmobiliarias;2020;19
Total Nacional;33 Asturias;33002 Aller;L Actividades inmobiliarias;2019;16
Total Nacional;33 Asturias;33002 Aller;L Actividades inmobiliarias;2018;15
Total Nacional;33 Asturias;33002 Aller;L Actividades inmobiliarias;2017;13
Total Nacional;33 Asturias;33002 Aller;L Actividades inmobiliarias;2016;10
Total Nacional;33 Asturias;33002 Aller;L Actividades inmobiliarias;2015;.
Total Nacional;33 Asturias;33002 Aller;L Actividades inmobiliarias;2014;.
Total Nacional;33 Asturias;33002 Aller;L Actividades inmobiliarias;2013;.
Total Nacional;33 Asturias;33002 Aller;L Actividades inmobiliarias;2012;.
Total Nacional;33 Asturias;33002 Aller;MN Actividades profesionales y técnicas;2025;42
Total Nacional;33 Asturias;33002 Aller;MN Actividades profesionales y técnicas;2024;41
Total Nacional;33 Asturias;33002 Aller;MN Actividades profesionales y técnicas;2023;49
Total Nacional;33 Asturias;33002 Aller;MN Actividades profesionales y técnicas;2022;50
Total Nacional;33 Asturias;33002 Aller;MN Actividades profesionales y técnicas;2021;51
Total Nacional;33 Asturias;33002 Aller;MN Actividades profesionales y técnicas;2020;41
Total Nacional;33 Asturias;33002 Aller;MN Actividades profesionales y técnicas;2019;41
Total Nacional;33 Asturias;33002 Aller;MN Actividades profesionales y técnicas;2018;42
Total Nacional;33 Asturias;33002 Aller;MN Actividades profesionales y técnicas;2017;41
Total Nacional;33 Asturias;33002 Aller;MN Actividades profesionales y técnicas;2016;51
Total Nacional;33 Asturias;33002 Aller;MN Actividades profesionales y técnicas;2015;48
Total Nacional;33 Asturias;33002 Aller;MN Actividades profesionales y técnicas;2014;45
Total Nacional;33 Asturias;33002 Aller;MN Actividades profesionales y técnicas;2013;42
Total Nacional;33 Asturias;33002 Aller;MN Actividades profesionales y técnicas;2012;41
Total Nacional;33 Asturias;33002 Aller;Educación, sanidad y servicios sociales;2025;20
Total Nacional;33 Asturias;33002 Aller;Educación, sanidad y servicios sociales;2024;18
Total Nacional;33 Asturias;33002 Aller;Educación, sanidad y servicios sociales;2023;15
Total Nacional;33 Asturias;33002 Aller;Educación, sanidad y servicios sociales;2022;23
Total Nacional;33 Asturias;33002 Aller;Educación, sanidad y servicios sociales;2021;21
Total Nacional;33 Asturias;33002 Aller;Educación, sanidad y servicios sociales;2020;23
Total Nacional;33 Asturias;33002 Aller;Educación, sanidad y servicios sociales;2019;22
Total Nacional;33 Asturias;33002 Aller;Educación, sanidad y servicios sociales;2018;18
Total Nacional;33 Asturias;33002 Aller;Educación, sanidad y servicios sociales;2017;21
Total Nacional;33 Asturias;33002 Aller;Educación, sanidad y servicios sociales;2016;22
Total Nacional;33 Asturias;33002 Aller;Educación, sanidad y servicios sociales;2015;22
Total Nacional;33 Asturias;33002 Aller;Educación, sanidad y servicios sociales;2014;12
Total Nacional;33 Asturias;33002 Aller;Educación, sanidad y servicios sociales;2013;11
Total Nacional;33 Asturias;33002 Aller;Educación, sanidad y servicios sociales;2012;11
Total Nacional;33 Asturias;33002 Aller;Otros servicios personales;2025;52
Total Nacional;33 Asturias;33002 Aller;Otros servicios personales;2024;50
Total Nacional;33 Asturias;33002 Aller;Otros servicios personales;2023;48
Total Nacional;33 Asturias;33002 Aller;Otros servicios personales;2022;47
Total Nacional;33 Asturias;33002 Aller;Otros servicios personales;2021;47
Total Nacional;33 Asturias;33002 Aller;Otros servicios personales;2020;51
Total Nacional;33 Asturias;33002 Aller;Otros servicios personales;2019;48
Total Nacional;33 Asturias;33002 Aller;Otros servicios personales;2018;48
Total Nacional;33 Asturias;33002 Aller;Otros servicios personales;2017;47
Total Nacional;33 Asturias;33002 Aller;Otros servicios personales;2016;46
Total Nacional;33 Asturias;33002 Aller;Otros servicios personales;2015;45
Total Nacional;33 Asturias;33002 Aller;Otros servicios personales;2014;44
Total Nacional;33 Asturias;33002 Aller;Otros servicios personales;2013;46
Total Nacional;33 Asturias;33002 Aller;Otros servicios personales;2012;47
Total Nacional;33 Asturias;33002 Aller;Total servicios;2025;139
Total Nacional;33 Asturias;33002 Aller;Total servicios;2024;128
Total Nacional;33 Asturias;33002 Aller;Total servicios;2023;134
Total Nacional;33 Asturias;33002 Aller;Total servicios;2022;150
Total Nacional;33 Asturias;33002 Aller;Total servicios;2021;148
Total Nacional;33 Asturias;33002 Aller;Total servicios;2020;147
Total Nacional;33 Asturias;33002 Aller;Total servicios;2019;142
Total Nacional;33 Asturias;33002 Aller;Total servicios;2018;134
Total Nacional;33 Asturias;33002 Aller;Total servicios;2017;134
Total Nacional;33 Asturias;33002 Aller;Total servicios;2016;141
Total Nacional;33 Asturias;33002 Aller;Total servicios;2015;136
Total Nacional;33 Asturias;33002 Aller;Total servicios;2014;121
Total Nacional;33 Asturias;33002 Aller;Total servicios;2013;120
Total Nacional;33 Asturias;33002 Aller;Total servicios;2012;119
