Nacionalidad;Periodo;Total
Española;1 de abril de 2026;17.200
Española;1 de enero de 2026;18.500
Española;1 de octubre de 2025;24.500
Española;1 de julio de 2025;18.700
Española;1 de abril de 2025;18.100
Española;1 de enero de 2025;19.700
Española;1 de octubre de 2024;25.200
Española;1 de julio de 2024;20.600
Española;1 de abril de 2024;18.500
Española;1 de enero de 2024;19.500
Española;1 de octubre de 2023;23.600
Española;1 de julio de 2023;19.900
Española;1 de abril de 2023;18.400
Bélgica;1 de abril de 2026;..
Bélgica;1 de enero de 2026;..
Bélgica;1 de octubre de 2025;..
Bélgica;1 de julio de 2025;..
Bélgica;1 de abril de 2025;..
Bélgica;1 de enero de 2025;..
Bélgica;1 de octubre de 2024;..
Bélgica;1 de julio de 2024;..
Bélgica;1 de abril de 2024;..
Bélgica;1 de enero de 2024;..
Bélgica;1 de octubre de 2023;..
Bélgica;1 de julio de 2023;..
Bélgica;1 de abril de 2023;..
Bulgaria;1 de abril de 2026;..
Bulgaria;1 de enero de 2026;..
Bulgaria;1 de octubre de 2025;..
Bulgaria;1 de julio de 2025;..
Bulgaria;1 de abril de 2025;..
Bulgaria;1 de enero de 2025;..
Bulgaria;1 de octubre de 2024;..
Bulgaria;1 de julio de 2024;..
Bulgaria;1 de abril de 2024;..
Bulgaria;1 de enero de 2024;..
Bulgaria;1 de octubre de 2023;..
Bulgaria;1 de julio de 2023;..
Bulgaria;1 de abril de 2023;..
Dinamarca;1 de abril de 2026;..
Dinamarca;1 de enero de 2026;..
Dinamarca;1 de octubre de 2025;..
Dinamarca;1 de julio de 2025;..
Dinamarca;1 de abril de 2025;..
Dinamarca;1 de enero de 2025;..
Dinamarca;1 de octubre de 2024;..
Dinamarca;1 de julio de 2024;..
Dinamarca;1 de abril de 2024;..
Dinamarca;1 de enero de 2024;..
Dinamarca;1 de octubre de 2023;..
Dinamarca;1 de julio de 2023;..
Dinamarca;1 de abril de 2023;..
Finlandia;1 de abril de 2026;..
Finlandia;1 de enero de 2026;..
Finlandia;1 de octubre de 2025;..
Finlandia;1 de julio de 2025;..
Finlandia;1 de abril de 2025;..
Finlandia;1 de enero de 2025;..
Finlandia;1 de octubre de 2024;..
Finlandia;1 de julio de 2024;..
Finlandia;1 de abril de 2024;..
Finlandia;1 de enero de 2024;..
Finlandia;1 de octubre de 2023;..
Finlandia;1 de julio de 2023;..
Finlandia;1 de abril de 2023;..
Francia;1 de abril de 2026;..
Francia;1 de enero de 2026;..
Francia;1 de octubre de 2025;..
Francia;1 de julio de 2025;..
Francia;1 de abril de 2025;..
Francia;1 de enero de 2025;..
Francia;1 de octubre de 2024;..
Francia;1 de julio de 2024;..
Francia;1 de abril de 2024;..
Francia;1 de enero de 2024;..
Francia;1 de octubre de 2023;..
Francia;1 de julio de 2023;..
Francia;1 de abril de 2023;..
Irlanda;1 de abril de 2026;..
Irlanda;1 de enero de 2026;..
Irlanda;1 de octubre de 2025;..
Irlanda;1 de julio de 2025;..
Irlanda;1 de abril de 2025;..
Irlanda;1 de enero de 2025;..
Irlanda;1 de octubre de 2024;..
Irlanda;1 de julio de 2024;..
Irlanda;1 de abril de 2024;..
Irlanda;1 de enero de 2024;..
Irlanda;1 de octubre de 2023;..
Irlanda;1 de julio de 2023;..
Irlanda;1 de abril de 2023;..
Italia;1 de abril de 2026;7.800
Italia;1 de enero de 2026;8.400
Italia;1 de octubre de 2025;8.100
Italia;1 de julio de 2025;8.500
Italia;1 de abril de 2025;8.500
Italia;1 de enero de 2025;8.900
Italia;1 de octubre de 2024;9.000
Italia;1 de julio de 2024;10.300
Italia;1 de abril de 2024;9.700
Italia;1 de enero de 2024;9.600
Italia;1 de octubre de 2023;8.800
Italia;1 de julio de 2023;10.200
Italia;1 de abril de 2023;10.200
Países Bajos;1 de abril de 2026;..
Países Bajos;1 de enero de 2026;..
Países Bajos;1 de octubre de 2025;..
Países Bajos;1 de julio de 2025;..
Países Bajos;1 de abril de 2025;..
Países Bajos;1 de enero de 2025;..
Países Bajos;1 de octubre de 2024;..
Países Bajos;1 de julio de 2024;..
Países Bajos;1 de abril de 2024;..
Países Bajos;1 de enero de 2024;..
Países Bajos;1 de octubre de 2023;..
Países Bajos;1 de julio de 2023;..
Países Bajos;1 de abril de 2023;..
Polonia;1 de abril de 2026;..
Polonia;1 de enero de 2026;..
Polonia;1 de octubre de 2025;..
Polonia;1 de julio de 2025;..
Polonia;1 de abril de 2025;..
Polonia;1 de enero de 2025;..
Polonia;1 de octubre de 2024;..
Polonia;1 de julio de 2024;..
Polonia;1 de abril de 2024;..
Polonia;1 de enero de 2024;..
Polonia;1 de octubre de 2023;..
Polonia;1 de julio de 2023;..
Polonia;1 de abril de 2023;..
Portugal;1 de abril de 2026;..
Portugal;1 de enero de 2026;..
Portugal;1 de octubre de 2025;..
Portugal;1 de julio de 2025;..
Portugal;1 de abril de 2025;..
Portugal;1 de enero de 2025;..
Portugal;1 de octubre de 2024;..
Portugal;1 de julio de 2024;..
Portugal;1 de abril de 2024;..
Portugal;1 de enero de 2024;..
Portugal;1 de octubre de 2023;..
Portugal;1 de julio de 2023;..
Portugal;1 de abril de 2023;..
Alemania;1 de abril de 2026;..
Alemania;1 de enero de 2026;..
Alemania;1 de octubre de 2025;..
Alemania;1 de julio de 2025;..
Alemania;1 de abril de 2025;..
Alemania;1 de enero de 2025;..
Alemania;1 de octubre de 2024;..
Alemania;1 de julio de 2024;..
Alemania;1 de abril de 2024;..
Alemania;1 de enero de 2024;..
Alemania;1 de octubre de 2023;..
Alemania;1 de julio de 2023;..
Alemania;1 de abril de 2023;..
Rumanía;1 de abril de 2026;..
Rumanía;1 de enero de 2026;..
Rumanía;1 de octubre de 2025;5.800
Rumanía;1 de julio de 2025;..
Rumanía;1 de abril de 2025;..
Rumanía;1 de enero de 2025;..
Rumanía;1 de octubre de 2024;5.700
Rumanía;1 de julio de 2024;..
Rumanía;1 de abril de 2024;6.000
Rumanía;1 de enero de 2024;5.700
Rumanía;1 de octubre de 2023;6.200
Rumanía;1 de julio de 2023;6.300
Rumanía;1 de abril de 2023;7.100
Suecia;1 de abril de 2026;..
Suecia;1 de enero de 2026;..
Suecia;1 de octubre de 2025;..
Suecia;1 de julio de 2025;..
Suecia;1 de abril de 2025;..
Suecia;1 de enero de 2025;..
Suecia;1 de octubre de 2024;..
Suecia;1 de julio de 2024;..
Suecia;1 de abril de 2024;..
Suecia;1 de enero de 2024;..
Suecia;1 de octubre de 2023;..
Suecia;1 de julio de 2023;..
Suecia;1 de abril de 2023;..
Lituania;1 de abril de 2026;..
Lituania;1 de enero de 2026;..
Lituania;1 de octubre de 2025;..
Lituania;1 de julio de 2025;..
Lituania;1 de abril de 2025;..
Lituania;1 de enero de 2025;..
Lituania;1 de octubre de 2024;..
Lituania;1 de julio de 2024;..
Lituania;1 de abril de 2024;..
Lituania;1 de enero de 2024;..
Lituania;1 de octubre de 2023;..
Lituania;1 de julio de 2023;..
Lituania;1 de abril de 2023;..
Otro país de la Unión Europea sin España;1 de abril de 2026;..
Otro país de la Unión Europea sin España;1 de enero de 2026;..
Otro país de la Unión Europea sin España;1 de octubre de 2025;..
Otro país de la Unión Europea sin España;1 de julio de 2025;..
Otro país de la Unión Europea sin España;1 de abril de 2025;..
Otro país de la Unión Europea sin España;1 de enero de 2025;..
Otro país de la Unión Europea sin España;1 de octubre de 2024;..
Otro país de la Unión Europea sin España;1 de julio de 2024;..
Otro país de la Unión Europea sin España;1 de abril de 2024;..
Otro país de la Unión Europea sin España;1 de enero de 2024;..
Otro país de la Unión Europea sin España;1 de octubre de 2023;..
Otro país de la Unión Europea sin España;1 de julio de 2023;..
Otro país de la Unión Europea sin España;1 de abril de 2023;..
Reino Unido;1 de abril de 2026;..
Reino Unido;1 de enero de 2026;..
Reino Unido;1 de octubre de 2025;..
Reino Unido;1 de julio de 2025;..
Reino Unido;1 de abril de 2025;..
Reino Unido;1 de enero de 2025;..
Reino Unido;1 de octubre de 2024;..
Reino Unido;1 de julio de 2024;..
Reino Unido;1 de abril de 2024;..
Reino Unido;1 de enero de 2024;..
Reino Unido;1 de octubre de 2023;..
Reino Unido;1 de julio de 2023;..
Reino Unido;1 de abril de 2023;..
Noruega;1 de abril de 2026;..
Noruega;1 de enero de 2026;..
Noruega;1 de octubre de 2025;..
Noruega;1 de julio de 2025;..
Noruega;1 de abril de 2025;..
Noruega;1 de enero de 2025;..
Noruega;1 de octubre de 2024;..
Noruega;1 de julio de 2024;..
Noruega;1 de abril de 2024;..
Noruega;1 de enero de 2024;..
Noruega;1 de octubre de 2023;..
Noruega;1 de julio de 2023;..
Noruega;1 de abril de 2023;..
Suiza;1 de abril de 2026;..
Suiza;1 de enero de 2026;..
Suiza;1 de octubre de 2025;..
Suiza;1 de julio de 2025;..
Suiza;1 de abril de 2025;..
Suiza;1 de enero de 2025;..
Suiza;1 de octubre de 2024;..
Suiza;1 de julio de 2024;..
Suiza;1 de abril de 2024;..
Suiza;1 de enero de 2024;..
Suiza;1 de octubre de 2023;..
Suiza;1 de julio de 2023;..
Suiza;1 de abril de 2023;..
Ucrania;1 de abril de 2026;7.000
Ucrania;1 de enero de 2026;6.800
Ucrania;1 de octubre de 2025;5.900
Ucrania;1 de julio de 2025;..
Ucrania;1 de abril de 2025;6.900
Ucrania;1 de enero de 2025;6.400
Ucrania;1 de octubre de 2024;7.000
Ucrania;1 de julio de 2024;7.300
Ucrania;1 de abril de 2024;6.100
Ucrania;1 de enero de 2024;..
Ucrania;1 de octubre de 2023;5.200
Ucrania;1 de julio de 2023;5.900
Ucrania;1 de abril de 2023;11.500
Moldavia;1 de abril de 2026;..
Moldavia;1 de enero de 2026;..
Moldavia;1 de octubre de 2025;..
Moldavia;1 de julio de 2025;..
Moldavia;1 de abril de 2025;..
Moldavia;1 de enero de 2025;..
Moldavia;1 de octubre de 2024;..
Moldavia;1 de julio de 2024;..
Moldavia;1 de abril de 2024;..
Moldavia;1 de enero de 2024;..
Moldavia;1 de octubre de 2023;..
Moldavia;1 de julio de 2023;..
Moldavia;1 de abril de 2023;..
Rusia;1 de abril de 2026;..
Rusia;1 de enero de 2026;..
Rusia;1 de octubre de 2025;..
Rusia;1 de julio de 2025;..
Rusia;1 de abril de 2025;..
Rusia;1 de enero de 2025;..
Rusia;1 de octubre de 2024;..
Rusia;1 de julio de 2024;..
Rusia;1 de abril de 2024;..
Rusia;1 de enero de 2024;..
Rusia;1 de octubre de 2023;..
Rusia;1 de julio de 2023;..
Rusia;1 de abril de 2023;..
Otro país del resto de Europa;1 de abril de 2026;..
Otro país del resto de Europa;1 de enero de 2026;..
Otro país del resto de Europa;1 de octubre de 2025;..
Otro país del resto de Europa;1 de julio de 2025;..
Otro país del resto de Europa;1 de abril de 2025;..
Otro país del resto de Europa;1 de enero de 2025;..
Otro país del resto de Europa;1 de octubre de 2024;..
Otro país del resto de Europa;1 de julio de 2024;..
Otro país del resto de Europa;1 de abril de 2024;..
Otro país del resto de Europa;1 de enero de 2024;..
Otro país del resto de Europa;1 de octubre de 2023;..
Otro país del resto de Europa;1 de julio de 2023;..
Otro país del resto de Europa;1 de abril de 2023;..
Argelia;1 de abril de 2026;7.200
Argelia;1 de enero de 2026;6.200
Argelia;1 de octubre de 2025;7.000
Argelia;1 de julio de 2025;6.200
Argelia;1 de abril de 2025;5.900
Argelia;1 de enero de 2025;..
Argelia;1 de octubre de 2024;..
Argelia;1 de julio de 2024;..
Argelia;1 de abril de 2024;..
Argelia;1 de enero de 2024;..
Argelia;1 de octubre de 2023;..
Argelia;1 de julio de 2023;..
Argelia;1 de abril de 2023;..
Gambia;1 de abril de 2026;..
Gambia;1 de enero de 2026;..
Gambia;1 de octubre de 2025;..
Gambia;1 de julio de 2025;..
Gambia;1 de abril de 2025;..
Gambia;1 de enero de 2025;..
Gambia;1 de octubre de 2024;..
Gambia;1 de julio de 2024;..
Gambia;1 de abril de 2024;..
Gambia;1 de enero de 2024;..
Gambia;1 de octubre de 2023;..
Gambia;1 de julio de 2023;..
Gambia;1 de abril de 2023;..
Ghana;1 de abril de 2026;..
Ghana;1 de enero de 2026;..
Ghana;1 de octubre de 2025;..
Ghana;1 de julio de 2025;..
Ghana;1 de abril de 2025;..
Ghana;1 de enero de 2025;..
Ghana;1 de octubre de 2024;..
Ghana;1 de julio de 2024;..
Ghana;1 de abril de 2024;..
Ghana;1 de enero de 2024;..
Ghana;1 de octubre de 2023;..
Ghana;1 de julio de 2023;..
Ghana;1 de abril de 2023;..
Guinea;1 de abril de 2026;..
Guinea;1 de enero de 2026;..
Guinea;1 de octubre de 2025;..
Guinea;1 de julio de 2025;..
Guinea;1 de abril de 2025;..
Guinea;1 de enero de 2025;..
Guinea;1 de octubre de 2024;..
Guinea;1 de julio de 2024;..
Guinea;1 de abril de 2024;..
Guinea;1 de enero de 2024;..
Guinea;1 de octubre de 2023;..
Guinea;1 de julio de 2023;..
Guinea;1 de abril de 2023;..
Guinea Ecuatorial;1 de abril de 2026;..
Guinea Ecuatorial;1 de enero de 2026;..
Guinea Ecuatorial;1 de octubre de 2025;..
Guinea Ecuatorial;1 de julio de 2025;..
Guinea Ecuatorial;1 de abril de 2025;..
Guinea Ecuatorial;1 de enero de 2025;..
Guinea Ecuatorial;1 de octubre de 2024;..
Guinea Ecuatorial;1 de julio de 2024;..
Guinea Ecuatorial;1 de abril de 2024;..
Guinea Ecuatorial;1 de enero de 2024;..
Guinea Ecuatorial;1 de octubre de 2023;..
Guinea Ecuatorial;1 de julio de 2023;..
Guinea Ecuatorial;1 de abril de 2023;..
Mali;1 de abril de 2026;..
Mali;1 de enero de 2026;..
Mali;1 de octubre de 2025;..
Mali;1 de julio de 2025;..
Mali;1 de abril de 2025;..
Mali;1 de enero de 2025;..
Mali;1 de octubre de 2024;..
Mali;1 de julio de 2024;..
Mali;1 de abril de 2024;..
Mali;1 de enero de 2024;..
Mali;1 de octubre de 2023;..
Mali;1 de julio de 2023;..
Mali;1 de abril de 2023;..
Marruecos;1 de abril de 2026;25.700
Marruecos;1 de enero de 2026;22.000
Marruecos;1 de octubre de 2025;23.400
Marruecos;1 de julio de 2025;25.000
Marruecos;1 de abril de 2025;25.900
Marruecos;1 de enero de 2025;27.700
Marruecos;1 de octubre de 2024;25.500
Marruecos;1 de julio de 2024;25.100
Marruecos;1 de abril de 2024;26.000
Marruecos;1 de enero de 2024;25.800
Marruecos;1 de octubre de 2023;24.400
Marruecos;1 de julio de 2023;21.500
Marruecos;1 de abril de 2023;23.200
Mauritania;1 de abril de 2026;..
Mauritania;1 de enero de 2026;..
Mauritania;1 de octubre de 2025;..
Mauritania;1 de julio de 2025;..
Mauritania;1 de abril de 2025;..
Mauritania;1 de enero de 2025;..
Mauritania;1 de octubre de 2024;..
Mauritania;1 de julio de 2024;..
Mauritania;1 de abril de 2024;..
Mauritania;1 de enero de 2024;..
Mauritania;1 de octubre de 2023;..
Mauritania;1 de julio de 2023;..
Mauritania;1 de abril de 2023;..
Nigeria;1 de abril de 2026;..
Nigeria;1 de enero de 2026;..
Nigeria;1 de octubre de 2025;..
Nigeria;1 de julio de 2025;..
Nigeria;1 de abril de 2025;..
Nigeria;1 de enero de 2025;..
Nigeria;1 de octubre de 2024;..
Nigeria;1 de julio de 2024;..
Nigeria;1 de abril de 2024;..
Nigeria;1 de enero de 2024;..
Nigeria;1 de octubre de 2023;..
Nigeria;1 de julio de 2023;..
Nigeria;1 de abril de 2023;..
Senegal;1 de abril de 2026;..
Senegal;1 de enero de 2026;..
Senegal;1 de octubre de 2025;..
Senegal;1 de julio de 2025;..
Senegal;1 de abril de 2025;..
Senegal;1 de enero de 2025;..
Senegal;1 de octubre de 2024;..
Senegal;1 de julio de 2024;..
Senegal;1 de abril de 2024;..
Senegal;1 de enero de 2024;..
Senegal;1 de octubre de 2023;..
Senegal;1 de julio de 2023;..
Senegal;1 de abril de 2023;..
Otro país de África;1 de abril de 2026;..
Otro país de África;1 de enero de 2026;..
Otro país de África;1 de octubre de 2025;..
Otro país de África;1 de julio de 2025;..
Otro país de África;1 de abril de 2025;..
Otro país de África;1 de enero de 2025;..
Otro país de África;1 de octubre de 2024;..
Otro país de África;1 de julio de 2024;..
Otro país de África;1 de abril de 2024;..
Otro país de África;1 de enero de 2024;..
Otro país de África;1 de octubre de 2023;..
Otro país de África;1 de julio de 2023;..
Otro país de África;1 de abril de 2023;..
Estados Unidos de América;1 de abril de 2026;..
Estados Unidos de América;1 de enero de 2026;..
Estados Unidos de América;1 de octubre de 2025;..
Estados Unidos de América;1 de julio de 2025;..
Estados Unidos de América;1 de abril de 2025;..
Estados Unidos de América;1 de enero de 2025;..
Estados Unidos de América;1 de octubre de 2024;..
Estados Unidos de América;1 de julio de 2024;..
Estados Unidos de América;1 de abril de 2024;..
Estados Unidos de América;1 de enero de 2024;..
Estados Unidos de América;1 de octubre de 2023;..
Estados Unidos de América;1 de julio de 2023;..
Estados Unidos de América;1 de abril de 2023;..
México;1 de abril de 2026;..
México;1 de enero de 2026;..
México;1 de octubre de 2025;..
México;1 de julio de 2025;..
México;1 de abril de 2025;..
México;1 de enero de 2025;..
México;1 de octubre de 2024;..
México;1 de julio de 2024;..
México;1 de abril de 2024;..
México;1 de enero de 2024;..
México;1 de octubre de 2023;..
México;1 de julio de 2023;..
México;1 de abril de 2023;..
Canadá;1 de abril de 2026;..
Canadá;1 de enero de 2026;..
Canadá;1 de octubre de 2025;..
Canadá;1 de julio de 2025;..
Canadá;1 de abril de 2025;..
Canadá;1 de enero de 2025;..
Canadá;1 de octubre de 2024;..
Canadá;1 de julio de 2024;..
Canadá;1 de abril de 2024;..
Canadá;1 de enero de 2024;..
Canadá;1 de octubre de 2023;..
Canadá;1 de julio de 2023;..
Canadá;1 de abril de 2023;..
Cuba;1 de abril de 2026;..
Cuba;1 de enero de 2026;..
Cuba;1 de octubre de 2025;..
Cuba;1 de julio de 2025;5.800
Cuba;1 de abril de 2025;..
Cuba;1 de enero de 2025;..
Cuba;1 de octubre de 2024;..
Cuba;1 de julio de 2024;..
Cuba;1 de abril de 2024;..
Cuba;1 de enero de 2024;..
Cuba;1 de octubre de 2023;..
Cuba;1 de julio de 2023;..
Cuba;1 de abril de 2023;..
Honduras;1 de abril de 2026;7.400
Honduras;1 de enero de 2026;6.300
Honduras;1 de octubre de 2025;..
Honduras;1 de julio de 2025;6.400
Honduras;1 de abril de 2025;7.100
Honduras;1 de enero de 2025;7.300
Honduras;1 de octubre de 2024;5.600
Honduras;1 de julio de 2024;6.400
Honduras;1 de abril de 2024;7.300
Honduras;1 de enero de 2024;7.000
Honduras;1 de octubre de 2023;5.500
Honduras;1 de julio de 2023;7.600
Honduras;1 de abril de 2023;10.100
Nicaragua;1 de abril de 2026;..
Nicaragua;1 de enero de 2026;..
Nicaragua;1 de octubre de 2025;..
Nicaragua;1 de julio de 2025;..
Nicaragua;1 de abril de 2025;..
Nicaragua;1 de enero de 2025;..
Nicaragua;1 de octubre de 2024;..
Nicaragua;1 de julio de 2024;..
Nicaragua;1 de abril de 2024;..
Nicaragua;1 de enero de 2024;..
Nicaragua;1 de octubre de 2023;..
Nicaragua;1 de julio de 2023;..
Nicaragua;1 de abril de 2023;..
República Dominicana;1 de abril de 2026;..
República Dominicana;1 de enero de 2026;..
República Dominicana;1 de octubre de 2025;..
República Dominicana;1 de julio de 2025;..
República Dominicana;1 de abril de 2025;..
República Dominicana;1 de enero de 2025;..
República Dominicana;1 de octubre de 2024;..
República Dominicana;1 de julio de 2024;..
República Dominicana;1 de abril de 2024;..
República Dominicana;1 de enero de 2024;..
República Dominicana;1 de octubre de 2023;..
República Dominicana;1 de julio de 2023;..
República Dominicana;1 de abril de 2023;..
Otros países de Centro América y Caribe;1 de abril de 2026;..
Otros países de Centro América y Caribe;1 de enero de 2026;..
Otros países de Centro América y Caribe;1 de octubre de 2025;..
Otros países de Centro América y Caribe;1 de julio de 2025;..
Otros países de Centro América y Caribe;1 de abril de 2025;..
Otros países de Centro América y Caribe;1 de enero de 2025;..
Otros países de Centro América y Caribe;1 de octubre de 2024;..
Otros países de Centro América y Caribe;1 de julio de 2024;..
Otros países de Centro América y Caribe;1 de abril de 2024;..
Otros países de Centro América y Caribe;1 de enero de 2024;..
Otros países de Centro América y Caribe;1 de octubre de 2023;..
Otros países de Centro América y Caribe;1 de julio de 2023;..
Otros países de Centro América y Caribe;1 de abril de 2023;..
Argentina;1 de abril de 2026;..
Argentina;1 de enero de 2026;..
Argentina;1 de octubre de 2025;6.100
Argentina;1 de julio de 2025;6.700
Argentina;1 de abril de 2025;6.500
Argentina;1 de enero de 2025;7.300
Argentina;1 de octubre de 2024;7.300
Argentina;1 de julio de 2024;8.300
Argentina;1 de abril de 2024;7.400
Argentina;1 de enero de 2024;7.900
Argentina;1 de octubre de 2023;7.300
Argentina;1 de julio de 2023;8.800
Argentina;1 de abril de 2023;8.600
Bolivia;1 de abril de 2026;..
Bolivia;1 de enero de 2026;..
Bolivia;1 de octubre de 2025;..
Bolivia;1 de julio de 2025;..
Bolivia;1 de abril de 2025;..
Bolivia;1 de enero de 2025;..
Bolivia;1 de octubre de 2024;..
Bolivia;1 de julio de 2024;..
Bolivia;1 de abril de 2024;..
Bolivia;1 de enero de 2024;..
Bolivia;1 de octubre de 2023;..
Bolivia;1 de julio de 2023;..
Bolivia;1 de abril de 2023;..
Brasil;1 de abril de 2026;7.200
Brasil;1 de enero de 2026;6.300
Brasil;1 de octubre de 2025;..
Brasil;1 de julio de 2025;..
Brasil;1 de abril de 2025;..
Brasil;1 de enero de 2025;..
Brasil;1 de octubre de 2024;..
Brasil;1 de julio de 2024;..
Brasil;1 de abril de 2024;..
Brasil;1 de enero de 2024;..
Brasil;1 de octubre de 2023;..
Brasil;1 de julio de 2023;..
Brasil;1 de abril de 2023;..
Colombia;1 de abril de 2026;38.600
Colombia;1 de enero de 2026;36.600
Colombia;1 de octubre de 2025;32.100
Colombia;1 de julio de 2025;36.100
Colombia;1 de abril de 2025;39.800
Colombia;1 de enero de 2025;43.400
Colombia;1 de octubre de 2024;34.600
Colombia;1 de julio de 2024;36.900
Colombia;1 de abril de 2024;39.200
Colombia;1 de enero de 2024;42.600
Colombia;1 de octubre de 2023;34.000
Colombia;1 de julio de 2023;37.700
Colombia;1 de abril de 2023;44.300
Chile;1 de abril de 2026;..
Chile;1 de enero de 2026;..
Chile;1 de octubre de 2025;..
Chile;1 de julio de 2025;..
Chile;1 de abril de 2025;..
Chile;1 de enero de 2025;..
Chile;1 de octubre de 2024;..
Chile;1 de julio de 2024;..
Chile;1 de abril de 2024;..
Chile;1 de enero de 2024;..
Chile;1 de octubre de 2023;..
Chile;1 de julio de 2023;..
Chile;1 de abril de 2023;..
Ecuador;1 de abril de 2026;..
Ecuador;1 de enero de 2026;..
Ecuador;1 de octubre de 2025;..
Ecuador;1 de julio de 2025;..
Ecuador;1 de abril de 2025;..
Ecuador;1 de enero de 2025;6.800
Ecuador;1 de octubre de 2024;..
Ecuador;1 de julio de 2024;..
Ecuador;1 de abril de 2024;..
Ecuador;1 de enero de 2024;6.200
Ecuador;1 de octubre de 2023;..
Ecuador;1 de julio de 2023;..
Ecuador;1 de abril de 2023;..
Paraguay;1 de abril de 2026;..
Paraguay;1 de enero de 2026;..
Paraguay;1 de octubre de 2025;..
Paraguay;1 de julio de 2025;..
Paraguay;1 de abril de 2025;..
Paraguay;1 de enero de 2025;..
Paraguay;1 de octubre de 2024;..
Paraguay;1 de julio de 2024;5.500
Paraguay;1 de abril de 2024;..
Paraguay;1 de enero de 2024;..
Paraguay;1 de octubre de 2023;..
Paraguay;1 de julio de 2023;..
Paraguay;1 de abril de 2023;..
Perú;1 de abril de 2026;16.700
Perú;1 de enero de 2026;15.800
Perú;1 de octubre de 2025;16.000
Perú;1 de julio de 2025;16.700
Perú;1 de abril de 2025;18.300
Perú;1 de enero de 2025;18.800
Perú;1 de octubre de 2024;15.800
Perú;1 de julio de 2024;15.200
Perú;1 de abril de 2024;15.600
Perú;1 de enero de 2024;17.200
Perú;1 de octubre de 2023;13.000
Perú;1 de julio de 2023;14.600
Perú;1 de abril de 2023;18.800
Uruguay;1 de abril de 2026;..
Uruguay;1 de enero de 2026;..
Uruguay;1 de octubre de 2025;..
Uruguay;1 de julio de 2025;..
Uruguay;1 de abril de 2025;..
Uruguay;1 de enero de 2025;..
Uruguay;1 de octubre de 2024;..
Uruguay;1 de julio de 2024;..
Uruguay;1 de abril de 2024;..
Uruguay;1 de enero de 2024;..
Uruguay;1 de octubre de 2023;..
Uruguay;1 de julio de 2023;..
Uruguay;1 de abril de 2023;..
Venezuela;1 de abril de 2026;21.200
Venezuela;1 de enero de 2026;27.000
Venezuela;1 de octubre de 2025;20.500
Venezuela;1 de julio de 2025;21.600
Venezuela;1 de abril de 2025;25.000
Venezuela;1 de enero de 2025;30.500
Venezuela;1 de octubre de 2024;21.200
Venezuela;1 de julio de 2024;21.400
Venezuela;1 de abril de 2024;22.600
Venezuela;1 de enero de 2024;27.300
Venezuela;1 de octubre de 2023;15.300
Venezuela;1 de julio de 2023;18.100
Venezuela;1 de abril de 2023;21.500
Otro país de Sudamérica;1 de abril de 2026;..
Otro país de Sudamérica;1 de enero de 2026;..
Otro país de Sudamérica;1 de octubre de 2025;..
Otro país de Sudamérica;1 de julio de 2025;..
Otro país de Sudamérica;1 de abril de 2025;..
Otro país de Sudamérica;1 de enero de 2025;..
Otro país de Sudamérica;1 de octubre de 2024;..
Otro país de Sudamérica;1 de julio de 2024;..
Otro país de Sudamérica;1 de abril de 2024;..
Otro país de Sudamérica;1 de enero de 2024;..
Otro país de Sudamérica;1 de octubre de 2023;..
Otro país de Sudamérica;1 de julio de 2023;..
Otro país de Sudamérica;1 de abril de 2023;..
Bangladesh;1 de abril de 2026;..
Bangladesh;1 de enero de 2026;..
Bangladesh;1 de octubre de 2025;..
Bangladesh;1 de julio de 2025;..
Bangladesh;1 de abril de 2025;..
Bangladesh;1 de enero de 2025;..
Bangladesh;1 de octubre de 2024;..
Bangladesh;1 de julio de 2024;..
Bangladesh;1 de abril de 2024;..
Bangladesh;1 de enero de 2024;..
Bangladesh;1 de octubre de 2023;..
Bangladesh;1 de julio de 2023;..
Bangladesh;1 de abril de 2023;..
China;1 de abril de 2026;..
China;1 de enero de 2026;..
China;1 de octubre de 2025;..
China;1 de julio de 2025;..
China;1 de abril de 2025;..
China;1 de enero de 2025;..
China;1 de octubre de 2024;..
China;1 de julio de 2024;..
China;1 de abril de 2024;..
China;1 de enero de 2024;..
China;1 de octubre de 2023;..
China;1 de julio de 2023;..
China;1 de abril de 2023;..
Filipinas;1 de abril de 2026;..
Filipinas;1 de enero de 2026;..
Filipinas;1 de octubre de 2025;..
Filipinas;1 de julio de 2025;..
Filipinas;1 de abril de 2025;..
Filipinas;1 de enero de 2025;..
Filipinas;1 de octubre de 2024;..
Filipinas;1 de julio de 2024;..
Filipinas;1 de abril de 2024;..
Filipinas;1 de enero de 2024;..
Filipinas;1 de octubre de 2023;..
Filipinas;1 de julio de 2023;..
Filipinas;1 de abril de 2023;..
India;1 de abril de 2026;..
India;1 de enero de 2026;..
India;1 de octubre de 2025;..
India;1 de julio de 2025;..
India;1 de abril de 2025;..
India;1 de enero de 2025;..
India;1 de octubre de 2024;..
India;1 de julio de 2024;..
India;1 de abril de 2024;..
India;1 de enero de 2024;..
India;1 de octubre de 2023;..
India;1 de julio de 2023;..
India;1 de abril de 2023;..
Pakistán;1 de abril de 2026;..
Pakistán;1 de enero de 2026;..
Pakistán;1 de octubre de 2025;..
Pakistán;1 de julio de 2025;..
Pakistán;1 de abril de 2025;..
Pakistán;1 de enero de 2025;..
Pakistán;1 de octubre de 2024;..
Pakistán;1 de julio de 2024;..
Pakistán;1 de abril de 2024;..
Pakistán;1 de enero de 2024;..
Pakistán;1 de octubre de 2023;..
Pakistán;1 de julio de 2023;..
Pakistán;1 de abril de 2023;..
Otro país de Asia;1 de abril de 2026;..
Otro país de Asia;1 de enero de 2026;..
Otro país de Asia;1 de octubre de 2025;..
Otro país de Asia;1 de julio de 2025;..
Otro país de Asia;1 de abril de 2025;..
Otro país de Asia;1 de enero de 2025;..
Otro país de Asia;1 de octubre de 2024;..
Otro país de Asia;1 de julio de 2024;..
Otro país de Asia;1 de abril de 2024;..
Otro país de Asia;1 de enero de 2024;..
Otro país de Asia;1 de octubre de 2023;..
Otro país de Asia;1 de julio de 2023;..
Otro país de Asia;1 de abril de 2023;..
De Oceanía;1 de abril de 2026;..
De Oceanía;1 de enero de 2026;..
De Oceanía;1 de octubre de 2025;..
De Oceanía;1 de julio de 2025;..
De Oceanía;1 de abril de 2025;..
De Oceanía;1 de enero de 2025;..
De Oceanía;1 de octubre de 2024;..
De Oceanía;1 de julio de 2024;..
De Oceanía;1 de abril de 2024;..
De Oceanía;1 de enero de 2024;..
De Oceanía;1 de octubre de 2023;..
De Oceanía;1 de julio de 2023;..
De Oceanía;1 de abril de 2023;..
Apátridas;1 de abril de 2026;..
Apátridas;1 de enero de 2026;..
Apátridas;1 de octubre de 2025;..
Apátridas;1 de julio de 2025;..
Apátridas;1 de abril de 2025;..
Apátridas;1 de enero de 2025;..
Apátridas;1 de octubre de 2024;..
Apátridas;1 de julio de 2024;..
Apátridas;1 de abril de 2024;..
Apátridas;1 de enero de 2024;..
Apátridas;1 de octubre de 2023;..
Apátridas;1 de julio de 2023;..
Apátridas;1 de abril de 2023;..
